id,dataset,split,model,k,metric,metric_label,preprocessing,preprocessing_label,preview_count,preview_accuracy,index,actual,predicted,correct
EXP001,Wine Red,4/5 - 1/5,KNN,9,euclidean,Euclidean,none,Before Scaling,7,0.8571428571428571,0,6,6,True
EXP001,Wine Red,4/5 - 1/5,KNN,9,euclidean,Euclidean,none,Before Scaling,7,0.8571428571428571,1,5,5,True
EXP001,Wine Red,4/5 - 1/5,KNN,9,euclidean,Euclidean,none,Before Scaling,7,0.8571428571428571,2,6,6,True
EXP001,Wine Red,4/5 - 1/5,KNN,9,euclidean,Euclidean,none,Before Scaling,7,0.8571428571428571,3,5,6,False
EXP001,Wine Red,4/5 - 1/5,KNN,9,euclidean,Euclidean,none,Before Scaling,7,0.8571428571428571,4,6,6,True
EXP001,Wine Red,4/5 - 1/5,KNN,9,euclidean,Euclidean,none,Before Scaling,7,0.8571428571428571,5,5,5,True
EXP001,Wine Red,4/5 - 1/5,KNN,9,euclidean,Euclidean,none,Before Scaling,7,0.8571428571428571,6,5,5,True
EXP002,Wine Red,4/5 - 1/5,KNN,9,euclidean,Euclidean,standard,After Scaling,7,0.7142857142857143,0,6,5,False
EXP002,Wine Red,4/5 - 1/5,KNN,9,euclidean,Euclidean,standard,After Scaling,7,0.7142857142857143,1,5,5,True
EXP002,Wine Red,4/5 - 1/5,KNN,9,euclidean,Euclidean,standard,After Scaling,7,0.7142857142857143,2,6,6,True
EXP002,Wine Red,4/5 - 1/5,KNN,9,euclidean,Euclidean,standard,After Scaling,7,0.7142857142857143,3,5,6,False
EXP002,Wine Red,4/5 - 1/5,KNN,9,euclidean,Euclidean,standard,After Scaling,7,0.7142857142857143,4,6,6,True
EXP002,Wine Red,4/5 - 1/5,KNN,9,euclidean,Euclidean,standard,After Scaling,7,0.7142857142857143,5,5,5,True
EXP002,Wine Red,4/5 - 1/5,KNN,9,euclidean,Euclidean,standard,After Scaling,7,0.7142857142857143,6,5,5,True
