id,dataset,split,train_ratio,test_ratio,random_state,model,k,metric,metric_label,preprocessing,preprocessing_label,accuracy
EXP001,Housing,80% - 20%,0.8,0.2,42,KNN,1,euclidean,Euclidean,none,Before Scaling,
EXP002,Housing,80% - 20%,0.8,0.2,42,KNN,1,euclidean,Euclidean,standard,After Scaling,
EXP003,Housing,80% - 20%,0.8,0.2,42,KNN,1,manhattan,Manhattan,none,Before Scaling,
EXP004,Housing,80% - 20%,0.8,0.2,42,KNN,1,manhattan,Manhattan,standard,After Scaling,
EXP005,Housing,80% - 20%,0.8,0.2,42,KNN,3,euclidean,Euclidean,none,Before Scaling,
EXP006,Housing,80% - 20%,0.8,0.2,42,KNN,3,euclidean,Euclidean,standard,After Scaling,
EXP007,Housing,80% - 20%,0.8,0.2,42,KNN,3,manhattan,Manhattan,none,Before Scaling,
EXP008,Housing,80% - 20%,0.8,0.2,42,KNN,3,manhattan,Manhattan,standard,After Scaling,
EXP009,Housing,80% - 20%,0.8,0.2,42,KNN,5,euclidean,Euclidean,none,Before Scaling,
EXP010,Housing,80% - 20%,0.8,0.2,42,KNN,5,euclidean,Euclidean,standard,After Scaling,
EXP011,Housing,80% - 20%,0.8,0.2,42,KNN,5,manhattan,Manhattan,none,Before Scaling,
EXP012,Housing,80% - 20%,0.8,0.2,42,KNN,5,manhattan,Manhattan,standard,After Scaling,
EXP013,Housing,80% - 20%,0.8,0.2,42,KNN,7,euclidean,Euclidean,none,Before Scaling,
EXP014,Housing,80% - 20%,0.8,0.2,42,KNN,7,euclidean,Euclidean,standard,After Scaling,
EXP015,Housing,80% - 20%,0.8,0.2,42,KNN,7,manhattan,Manhattan,none,Before Scaling,
EXP016,Housing,80% - 20%,0.8,0.2,42,KNN,7,manhattan,Manhattan,standard,After Scaling,
EXP017,Housing,80% - 20%,0.8,0.2,42,KNN,9,euclidean,Euclidean,none,Before Scaling,
EXP018,Housing,80% - 20%,0.8,0.2,42,KNN,9,euclidean,Euclidean,standard,After Scaling,
EXP019,Housing,80% - 20%,0.8,0.2,42,KNN,9,manhattan,Manhattan,none,Before Scaling,
EXP020,Housing,80% - 20%,0.8,0.2,42,KNN,9,manhattan,Manhattan,standard,After Scaling,
